선반ID,모듈,단,공급코드,상품명,규격,운영 상품군,중요도,취급 권장,페이싱,배정 근거,조건
W4/S5,W4,S5,pd0002494,(논현)광동원탕,100ml,자양강장·한방 상담약,C,대체 후보,1,권장 주 진열에 지정된 모듈,대체 후보 채택 · 1F 시작
RF1/S2,RF1,S2,pd0000380,CJ제일제당 맥스셋 레몬비타 120ML,120ML*1EA,건강즙·차·음료,N,초도 비권장,1,냉장·상온 음료 → 오픈 냉장고,초도 비권장 판정 재확인
RF1/S2,RF1,S2,pd0000379,CJ제일제당 맥스셋 레몬비타 120ML*10입,120ML*10EA,건강즙·차·음료,N,초도 비권장,1,냉장·상온 음료 → 오픈 냉장고,초도 비권장 판정 재확인
RF1/S2,RF1,S2,pd0000368,CJ제일제당 얼티브 아몬드두유 저당 190ML,190ML,건강즙·차·음료,N,초도 비권장,1,냉장·상온 음료 → 오픈 냉장고,초도 비권장 판정 재확인
RF1/S2,RF1,S2,pd0000367,CJ제일제당 얼티브 아몬드두유 저당 190ML 24개입,190ML*24EA,건강즙·차·음료,N,초도 비권장,1,냉장·상온 음료 → 오픈 냉장고,초도 비권장 판정 재확인
RF1/S2,RF1,S2,pd0000369,CJ제일제당 얼티브 파로두유 저당 190ML,190ML*24EA,건강즙·차·음료,N,초도 비권장,1,냉장·상온 음료 → 오픈 냉장고,초도 비권장 판정 재확인
RF1/S2,RF1,S2,pd0000370,CJ제일제당 얼티브 파로두유 저당 190ML,190ML,건강즙·차·음료,N,초도 비권장,1,냉장·상온 음료 → 오픈 냉장고,초도 비권장 판정 재확인
RF1/S2,RF1,S2,pd0000378,CJ제일제당 햇반/레드빈 호박차 500ML,500ML,건강즙·차·음료,N,초도 비권장,1,냉장·상온 음료 → 오픈 냉장고,초도 비권장 판정 재확인
RF1/S2,RF1,S2,pd0000376,CJ제일제당 햇반/루피니빈 보리차 500ML,500ML,건강즙·차·음료,N,초도 비권장,1,냉장·상온 음료 → 오픈 냉장고,초도 비권장 판정 재확인
RF1/S2,RF1,S2,pd0000377,CJ제일제당 햇반/파로누룽지식혜 340ML,340ML,건강즙·차·음료,N,초도 비권장,1,냉장·상온 음료 → 오픈 냉장고,초도 비권장 판정 재확인
RF1/S2,RF1,S2,pd0000375,CJ제일제당 햇반/파로누룽지차 500ML,500ML,건강즙·차·음료,N,초도 비권장,1,냉장·상온 음료 → 오픈 냉장고,초도 비권장 판정 재확인
L2/S2,L2,S2,pd0002018,겔포스엘현탁액,20g*18포,소화·위장 상담약,C,대체 후보,1,권장 주 진열에 지정된 모듈,대체 후보 채택 · 1F 시작
W4/S5,W4,S5,pd0002477,경옥고,30p*2EA,자양강장·한방 상담약,C,대체 후보,1,권장 주 진열에 지정된 모듈,대체 후보 채택 · 1F 시작
G4-U-2/S2,G4-U-2,S2,pd0002195,고려은단 멀티비타민 올인원 맨60+,30T,멀티비타민·미네랄,C,대체 후보,1,권장 주 진열에 지정된 모듈,대체 후보 채택 · 1F 시작
G4-U-2/S2,G4-U-2,S2,pd0002197,고려은단 멀티비타민 올인원 우먼60+,30T,멀티비타민·미네랄,C,대체 후보,1,권장 주 진열에 지정된 모듈,대체 후보 채택 · 1F 시작
G4-U-2/S2,G4-U-2,S2,pd0002198,고려은단 메가도스 이뮨샷,(3정+50ml)4병,멀티비타민·미네랄,C,대체 후보,1,권장 주 진열에 지정된 모듈,대체 후보 채택 · 1F 시작
W4/S2,W4,S2,pd0002199,고려은단 메가도스B 비타민B군,30T,비타민B 경구제품,C,대체 후보,1,권장 주 진열에 지정된 모듈,대체 후보 채택 · 1F 시작
G3-U-1/S3,G3-U-1,S3,pd0002200,고려은단 메가도스B7 활성비오틴,60T,비오틴·모발 영양,C,대체 후보,1,권장 주 진열에 지정된 모듈,대체 후보 채택 · 1F 시작
G4-U-2/S5,G4-U-2,S5,pd0002202,고려은단 메가도스D 비타민D 4000IU,60T,칼슘·비타민D,C,대체 후보,1,권장 주 진열에 지정된 모듈,대체 후보 채택 · 1F 시작
G4-U-2/S5,G4-U-2,S5,pd0002203,고려은단 비타민C1000 이지+비타민D,120T,칼슘·비타민D,C,대체 후보,1,권장 주 진열에 지정된 모듈,대체 후보 채택 · 1F 시작
W4/S5,W4,S5,pd0002493,광동쌍화탕,100ml*10EA,자양강장·한방 상담약,C,대체 후보,1,권장 주 진열에 지정된 모듈,대체 후보 채택 · 1F 시작
W4/S5,W4,S5,pd0002060,광동우황청심원,1환*10EA,자양강장·한방 상담약,C,대체 후보,1,권장 주 진열에 지정된 모듈,대체 후보 채택 · 1F 시작
W4/S5,W4,S5,pd0002062,광동우황청심원,50ml,자양강장·한방 상담약,C,대체 후보,1,권장 주 진열에 지정된 모듈,대체 후보 채택 · 1F 시작
W4/S5,W4,S5,pd0002064,광동우황청심원원방,50ml,자양강장·한방 상담약,C,대체 후보,1,권장 주 진열에 지정된 모듈,대체 후보 채택 · 1F 시작
W4/S5,W4,S5,pd0002066,광동원방우황청심환,10환,자양강장·한방 상담약,C,대체 후보,1,권장 주 진열에 지정된 모듈,대체 후보 채택 · 1F 시작
L2/S2,L2,S2,pd0002253,까스활명수큐액,75mL*10EA,소화·위장 상담약,C,대체 후보,1,권장 주 진열에 지정된 모듈,대체 후보 채택 · 1F 시작
L2/S2,L2,S2,pd0001888,꼬마활명수액,10mL*5포,소화·위장 상담약,C,대체 후보,1,권장 주 진열에 지정된 모듈,대체 후보 채택 · 1F 시작
L2/S5,L2,S5,pd0000066,나들이시럽,4포,멀미 상담약,C,대체 후보,1,권장 주 진열에 지정된 모듈,대체 후보 채택 · 1F 시작
G6-D-2/S2,G6-D-2,S2,pd0001962,나조린점안액,10EA,점안·세안 의약품,C,대체 후보,1,권장 주 진열에 지정된 모듈,대체 후보 채택 · 1F 시작
G6-U-1/S4,G6-U-1,S4,pd0001866,노스엣액(30ml),30ml,다한증 외용제,C,대체 후보,1,권장 주 진열에 지정된 모듈,대체 후보 채택 · 1F 시작
G6-D-1/S4,G6-D-1,S4,pd0001938,녹십자아시클로버크림,5g,립 외용 의약품,C,대체 후보,1,권장 주 진열에 지정된 모듈,대체 후보 채택 · 1F 시작
G6-D-2/S2,G6-D-2,S2,pd0001979,뉴브이로토이엑스점안액,12mL,점안·세안 의약품,C,대체 후보,1,권장 주 진열에 지정된 모듈,대체 후보 채택 · 1F 시작
RF1/S2,RF1,S2,pd0000235,뉴트리원 비비랩 올리브 블러드 오렌지 듀얼샷,20g*10포,건강즙·차·음료,N,초도 비권장,1,냉장·상온 음료 → 오픈 냉장고,초도 비권장 판정 재확인
RF1/S2,RF1,S2,pd0000233,뉴트리원 비비랩 올리브레몬 듀얼샷,20g*10포,건강즙·차·음료,N,초도 비권장,1,냉장·상온 음료 → 오픈 냉장고,초도 비권장 판정 재확인
RF1/S2,RF1,S2,pd0000234,뉴트리원 비비랩 유기농 올리브 석류 듀얼샷,20g*10포,건강즙·차·음료,N,초도 비권장,1,냉장·상온 음료 → 오픈 냉장고,초도 비권장 판정 재확인
RF1/S2,RF1,S2,pd0000236,뉴트리원 비비랩 유기농 올리브엔 토마토듀얼샷,20g*10포,건강즙·차·음료,N,초도 비권장,1,냉장·상온 음료 → 오픈 냉장고,초도 비권장 판정 재확인
G4-D-2/S5,G4-D-2,S5,pd0000243,뉴트리원 비비랩 카무트 브랜드 밀 효소 골드,3g*20포,효소 식품,C,대체 후보,1,권장 주 진열에 지정된 모듈,대체 후보 채택 · 1F 시작
G4-U-1/S3,G4-U-1,S3,pd0000246,뉴트리원 비비랩 콜라겐 탱글 업,20g*14포,콜라겐·이너뷰티,C,대체 후보,1,권장 주 진열에 지정된 모듈,대체 후보 채택 · 1F 시작
G4-U-1/S3,G4-U-1,S3,pd0000237,뉴트리원 비비랩 화이트 콜라겐,3g*30포,콜라겐·이너뷰티,C,대체 후보,1,권장 주 진열에 지정된 모듈,대체 후보 채택 · 1F 시작
G4-D-2/S5,G4-D-2,S5,pd0000248,뉴트리원 비비랩 효소 말차라떼맛,2.5g*20포,효소 식품,C,대체 후보,1,권장 주 진열에 지정된 모듈,대체 후보 채택 · 1F 시작
G4-D-2/S5,G4-D-2,S5,pd0000247,뉴트리원 비비랩 효소 밀크티맛,2.5g*20포,효소 식품,C,대체 후보,1,권장 주 진열에 지정된 모듈,대체 후보 채택 · 1F 시작
G4-U-2/S5,G4-U-2,S5,pd0000249,뉴트리원 비타민D3 3000IU,100mg*60C,칼슘·비타민D,C,대체 후보,1,권장 주 진열에 지정된 모듈,대체 후보 채택 · 1F 시작
G4-D-2/S3,G4-D-2,S3,pd0000259,뉴트리원 비피더스 100억 밸런스 유산균,350mg*30C,유산균,C,대체 후보,1,권장 주 진열에 지정된 모듈,대체 후보 채택 · 1F 시작
RF1/S2,RF1,S2,pd0000227,니아르 퓨어애사비,28T,건강즙·차·음료,N,초도 비권장,1,냉장·상온 음료 → 오픈 냉장고,초도 비권장 판정 재확인
G3-D-2/S5,G3-D-2,S5,pd0001438,닥터리쥬진 하이퍼인퓨전 멜라포엑스,50ml,톤·브라이트닝 스킨케어,C,대체 후보,1,권장 주 진열에 지정된 모듈,대체 후보 채택 · 1F 시작
G5-U-1/S5,G5-U-1,S5,pd0001440,닥터리쥬진 하이퍼인퓨전 브이원 리페어 마스크,4P,마스크팩·패드,C,대체 후보,1,면 단위(G5-U) → 상품군 일치 하위모듈,대체 후보 채택 · 1F 시작
G6-D-2/S5,G6-D-2,S5,pd0001439,닥터리쥬진 하이퍼인퓨전 앤에이디 엔엠엔 아이크림 맥스,20ml,눈가 화장품,C,대체 후보,1,권장 주 진열에 지정된 모듈,대체 후보 채택 · 1F 시작
G6-U-2/S2,G6-U-2,S2,pd0002089,닥터원더 악어꿈치팩,9g,풋 케어 화장품,C,대체 후보,1,권장 주 진열에 지정된 모듈,대체 후보 채택 · 1F 시작
B3/S5,B3,S5,pd0000107,닥터플러스 KF94 황사마스크 (대형/백색/새부리형),1매,마스크·위생 소모품,C,대체 후보,1,권장 주 진열에 지정된 모듈,대체 후보 채택 · 1F 시작
RF1/S2,RF1,S2,pd0002475,더가볍게늘씬수,500mL,건강즙·차·음료,N,초도 비권장,1,냉장·상온 음료 → 오픈 냉장고,초도 비권장 판정 재확인
W2/S5,W2,S5,pd0001839,더마터치 스페셜 기프트 세트,,화장품 기획·복합 세트,H,확인 후 검토,1,권장 주 진열에 지정된 모듈,분류·표시 확인 후 진열
L2/S2,L2,S2,pd0000023,더블자임정,10T,소화·위장 상담약,C,대체 후보,1,권장 주 진열에 지정된 모듈,대체 후보 채택 · 1F 시작
G3-D-1/S5,G3-D-1,S5,pd0001851,도미나크림,60g,기미·색소 외용제,C,대체 후보,1,권장 주 진열에 지정된 모듈,대체 후보 채택 · 1F 시작
W4/S5,W4,S5,pd0002459,동아박카스D,20EA,자양강장·한방 상담약,C,대체 후보,1,권장 주 진열에 지정된 모듈,대체 후보 채택 · 1F 시작
G3-U-1/S2,G3-U-1,S2,pd0002258,두피나액,30ml,탈모·두피 상담약,C,대체 후보,1,권장 주 진열에 지정된 모듈,대체 후보 채택 · 1F 시작
G3-U-1/S3,G3-U-1,S3,pd0002259,두피앤액,30ml,탈모·두피 상담약,C,대체 후보,1,권장 주 진열에 지정된 모듈,대체 후보 채택 · 1F 시작
G6-U-1/S4,G6-U-1,S4,pd0001865,드라이언액,30ml,다한증 외용제,C,대체 후보,1,권장 주 진열에 지정된 모듈,대체 후보 채택 · 1F 시작
G3-U-3/S2,G3-U-3,S2,pd0002217,드림굿연질캡슐,10C,수면 상담약,C,대체 후보,1,권장 주 진열에 지정된 모듈,대체 후보 채택 · 1F 시작
G3-U-2/S2,G3-U-2,S2,pd0001978,디어미순정,28T,여성 상담약,C,대체 후보,1,권장 주 진열에 지정된 모듈,대체 후보 채택 · 1F 시작
G3-U-2/S2,G3-U-2,S2,pd0001981,디어미정,21T,여성 상담약,C,대체 후보,1,권장 주 진열에 지정된 모듈,대체 후보 채택 · 1F 시작
W4/S5,W4,S5,pd0002386,라라올라,30vial,자양강장·한방 상담약,C,대체 후보,1,권장 주 진열에 지정된 모듈,대체 후보 채택 · 1F 시작
G4-D-2/S3,G4-D-2,S3,pd0002378,락토핏 슬림(분홍색),60포,유산균,C,대체 후보,1,권장 주 진열에 지정된 모듈,대체 후보 채택 · 1F 시작
L3/S3,L3,S3,pd0001950,레이디원 연질캡슐,10c,경구 해열·진통제,C,대체 후보,1,권장 주 진열에 지정된 모듈,대체 후보 채택 · 1F 시작
G6-D-2/S2,G6-D-2,S2,pd0001968,로토지파이뉴점안액,11mL,점안·세안 의약품,C,대체 후보,1,권장 주 진열에 지정된 모듈,대체 후보 채택 · 1F 시작
W4/S5,W4,S5,pd0002006,리버골드파워연질캡슐,120c,간 관련 상담약,C,대체 후보,1,권장 주 진열에 지정된 모듈,대체 후보 채택 · 1F 시작
W4/S5,W4,S5,pd0002490,리버쿨환,1p,간 관련 상담약,C,대체 후보,1,권장 주 진열에 지정된 모듈,대체 후보 채택 · 1F 시작
G5-D-3/S4,G5-D-3,S4,pd0001939,리쥬닉크림(PDRN),20ml,PDRN 스킨케어,C,대체 후보,1,면 단위(G5-D) → 상품군 일치 하위모듈,대체 후보 채택 · 1F 시작
G5-D-3/S2,G5-D-3,S2,pd0002334,리쥬란 리밸런싱 토너,120ml,PDRN 스킨케어,C,대체 후보,1,권장 주 진열에 지정된 모듈,대체 후보 채택 · 1F 시작
G5-D-3/S3,G5-D-3,S3,pd0002344,리쥬란 리프레싱 에멀전,45ml,PDRN 스킨케어,C,대체 후보,1,권장 주 진열에 지정된 모듈,대체 후보 채택 · 1F 시작
G4-U-1/S2,G4-U-1,S2,pd0002331,리쥬비엔 디엔에이 핏 젤리,5g*14p,콜라겐·이너뷰티,C,대체 후보,1,권장 주 진열에 지정된 모듈,대체 후보 채택 · 1F 시작
W4/S3,W4,S3,pd0002411,마그비스피드액,20ml*30병,마그네슘 경구제품,C,대체 후보,1,권장 주 진열에 지정된 모듈,대체 후보 채택 · 1F 시작
G6-D-2/S5,G6-D-2,S5,pd0001319,마리나비 리페어 아이크림,30ml,눈가 화장품,C,대체 후보,1,권장 주 진열에 지정된 모듈,대체 후보 채택 · 1F 시작
G3-D-2/S3,G3-D-2,S3,pd0001318,마리나비 비타민C 25 펄 브라이트닝 세럼,30ml,톤·브라이트닝 스킨케어,C,대체 후보,1,권장 주 진열에 지정된 모듈,대체 후보 채택 · 1F 시작
G1-U-3/S3,G1-U-3,S3,pd0001321,마리나비 씨위드 PDRN 바디스크럽,200ml,바디 세정,C,대체 후보,1,권장 주 진열에 지정된 모듈,대체 후보 채택 · 1F 시작
G5-D-3/S4,G5-D-3,S4,pd0001322,마리나비 씨위드 PDRN 페이스 스크럽,120ml,PDRN 스킨케어,C,대체 후보,1,면 단위(G5-D) → 상품군 일치 하위모듈,대체 후보 채택 · 1F 시작
G3-D-2/S4,G3-D-2,S4,pd0001323,마리나비 씨위드 펄 브라이트닝 마스크,120ml,톤·브라이트닝 스킨케어,C,대체 후보,1,권장 주 진열에 지정된 모듈,대체 후보 채택 · 1F 시작
G5-U-2/S4,G5-U-2,S4,pd0001316,마리나비 켈프시카카밍 마스크팩,10매,진정 스킨케어,C,대체 후보,1,권장 주 진열에 지정된 모듈,대체 후보 채택 · 1F 시작
G5-U-2/S5,G5-U-2,S5,pd0001324,마리나비 켈프시카카밍 마스크팩(5매),5매,진정 스킨케어,C,대체 후보,1,권장 주 진열에 지정된 모듈,대체 후보 채택 · 1F 시작
G5-U-2/S3,G5-U-2,S3,pd0001317,마리나비 켈프시카카밍 세럼,30ml,진정 스킨케어,C,대체 후보,1,권장 주 진열에 지정된 모듈,대체 후보 채택 · 1F 시작
G5-U-2/S4,G5-U-2,S4,pd0001315,마리나비 켈프시카카밍 크림,50ml,진정 스킨케어,C,대체 후보,1,권장 주 진열에 지정된 모듈,대체 후보 채택 · 1F 시작
G3-D-3/S5,G3-D-3,S5,pd0001320,마리나비 트루마일드 선스크린,50ml,자외선차단,C,대체 후보,1,권장 주 진열에 지정된 모듈,대체 후보 채택 · 1F 시작
G6-D-2/S5,G6-D-2,S5,pd0001189,마미케어 오쏘타민 비타민C 아이크림 15ml,15ml,눈가 화장품,C,대체 후보,1,권장 주 진열에 지정된 모듈,대체 후보 채택 · 1F 시작
G3-U-2/S2,G3-U-2,S2,pd0001990,마이보라정,21T,여성 상담약,C,대체 후보,1,권장 주 진열에 지정된 모듈,대체 후보 채택 · 1F 시작
G3-U-3/S4,G3-U-3,S4,pd0002218,매일매일 식물성 멜라토닌 밤,30정,수면 관련 식품,C,대체 후보,1,권장 주 진열에 지정된 모듈,대체 후보 채택 · 1F 시작
L1/S3,L1,S3,pd0002426,맥그론과립(맥문동탕),5포,기침·인후 상담약,C,대체 후보,1,권장 주 진열에 지정된 모듈,대체 후보 채택 · 1F 시작
G4-D-1/S2,G4-D-1,S2,pd0002412,메가비타민C3000 비타블로썸,120포,비타민C 경구제품,C,대체 후보,1,권장 주 진열에 지정된 모듈,대체 후보 채택 · 1F 시작
G5-D-3/S2,G5-D-3,S2,pd0002355,메디인랩 듀얼PDRN카밍크림,20g,PDRN 스킨케어,C,대체 후보,1,면 단위(G5-D) → 상품군 일치 하위모듈,대체 후보 채택 · 1F 시작
G1-D-3/S5,G1-D-3,S5,pd0001158,메디큐브 2024 제로 모공 패드 2.0,70매,피지·모공 스킨케어,C,대체 후보,1,권장 주 진열에 지정된 모듈,대체 후보 채택 · 1F 시작
G6-D-1/S5,G6-D-1,S5,pd0001174,메디큐브 PDRN 립 슬리핑 마스크 10g,10g,립 보습 화장품,C,대체 후보,1,권장 주 진열에 지정된 모듈,대체 후보 채택 · 1F 시작
G5-D-3/S3,G5-D-3,S3,pd0001173,메디큐브 PDRN 콜라겐 캡슐 크림,55g,PDRN 스킨케어,C,대체 후보,1,면 단위(G5-D) → 상품군 일치 하위모듈,대체 후보 채택 · 1F 시작
G5-D-3/S4,G5-D-3,S4,pd0001180,메디큐브 PDRN 핑크 비타 코팅 마스크팩,10매,PDRN 스킨케어,C,대체 후보,1,면 단위(G5-D) → 상품군 일치 하위모듈,대체 후보 채택 · 1F 시작
G5-D-3/S2,G5-D-3,S2,pd0001171,메디큐브 PDRN 핑크 시카 수딩 토너 250ml,250ml,PDRN 스킨케어,C,대체 후보,1,면 단위(G5-D) → 상품군 일치 하위모듈,대체 후보 채택 · 1F 시작
G5-D-3/S3,G5-D-3,S3,pd0001175,메디큐브 PDRN 핑크 카페인 나이트 랩핑 마스크 75ml,75ml,PDRN 스킨케어,C,대체 후보,1,면 단위(G5-D) → 상품군 일치 하위모듈,대체 후보 채택 · 1F 시작
G5-D-3/S4,G5-D-3,S4,pd0001179,메디큐브 PDRN 핑크 콜라겐 겔 마스크팩,4매,PDRN 스킨케어,C,대체 후보,1,면 단위(G5-D) → 상품군 일치 하위모듈,대체 후보 채택 · 1F 시작
G5-D-3/S2,G5-D-3,S2,pd0001172,메디큐브 PDRN 핑크 콜라겐 토닝 겔 토너패드,120ml,PDRN 스킨케어,C,대체 후보,1,면 단위(G5-D) → 상품군 일치 하위모듈,대체 후보 채택 · 1F 시작
G5-D-3/S3,G5-D-3,S3,pd0001170,메디큐브 PDRN 핑크 펩타이드 세럼 30ml,30ml,PDRN 스킨케어,C,대체 후보,1,면 단위(G5-D) → 상품군 일치 하위모듈,대체 후보 채택 · 1F 시작
G3-D-2/S5,G3-D-2,S5,pd0001177,메디큐브 나이아신아마이드 트라넥사믹 애씨드 세럼 30ml,30ml,톤·브라이트닝 스킨케어,C,대체 후보,1,권장 주 진열에 지정된 모듈,대체 후보 채택 · 1F 시작
G3-D-2/S2,G3-D-2,S2,pd0001178,메디큐브 나이아신아마이드 트라넥사믹 캡슐크림,55g,톤·브라이트닝 스킨케어,C,대체 후보,1,권장 주 진열에 지정된 모듈,대체 후보 채택 · 1F 시작
G5-D-2/S5,G5-D-2,S5,pd0001162,메디큐브 딥 비타 에이 레티놀 세럼 30ml,30ml,탄력·주름 스킨케어,C,대체 후보,1,권장 주 진열에 지정된 모듈,대체 후보 채택 · 1F 시작
G3-D-2/S3,G3-D-2,S3,pd0001183,메디큐브 딥 비타C 글루타치온 브라이트닝마스크팩,1매,톤·브라이트닝 스킨케어,C,대체 후보,1,권장 주 진열에 지정된 모듈,대체 후보 채택 · 1F 시작
G5-D-2/S2,G5-D-2,S2,pd0001184,메디큐브 딥 펩타이드 래디언스 마스크팩,1매,탄력·주름 스킨케어,C,대체 후보,1,권장 주 진열에 지정된 모듈,대체 후보 채택 · 1F 시작
G5-D-3/S4,G5-D-3,S4,pd0002354,메디큐브 메디큐브_PDRN_피디알엔핑크콜라겐글로우젤리미스트세럼,60ml,PDRN 스킨케어,C,대체 후보,1,면 단위(G5-D) → 상품군 일치 하위모듈,대체 후보 채택 · 1F 시작
G5-D-3/S2,G5-D-3,S2,pd0001176,메디큐브 메디큐브_PDRN_피디알엔핑크콜라겐글로우젤리미스트세럼_60 ml_00,60ml,PDRN 스킨케어,C,대체 후보,1,면 단위(G5-D) → 상품군 일치 하위모듈,대체 후보 채택 · 1F 시작
G1-D-3/S2,G1-D-3,S2,pd0001157,메디큐브 제로 모공 블랙헤드 머드팩,100g,피지·모공 스킨케어,C,대체 후보,1,권장 주 진열에 지정된 모듈,대체 후보 채택 · 1F 시작
G1-D-3/S3,G1-D-3,S3,pd0001185,메디큐브 제로 모공 쿨링 마스크팩,1매,피지·모공 스킨케어,C,대체 후보,1,권장 주 진열에 지정된 모듈,대체 후보 채택 · 1F 시작
G3-D-2/S4,G3-D-2,S4,pd0001182,메디큐브 코직애씨드 터메릭 브라이트닝 겔 마스크팩,4매,톤·브라이트닝 스킨케어,C,대체 후보,1,권장 주 진열에 지정된 모듈,대체 후보 채택 · 1F 시작
G5-D-2/S3,G5-D-2,S3,pd0001169,메디큐브 콜라겐 나이트 랩핑마스크 75ml,75ml,탄력·주름 스킨케어,C,대체 후보,1,권장 주 진열에 지정된 모듈,대체 후보 채택 · 1F 시작
G5-D-2/S5,G5-D-2,S5,pd0001186,메디큐브 콜라겐 리프팅 마스크팩,1매,탄력·주름 스킨케어,C,대체 후보,1,권장 주 진열에 지정된 모듈,대체 후보 채택 · 1F 시작
G5-D-2/S2,G5-D-2,S2,pd0001167,메디큐브 트리플 콜라겐 세럼 4.0 55ml,55ml,탄력·주름 스킨케어,C,대체 후보,1,권장 주 진열에 지정된 모듈,대체 후보 채택 · 1F 시작
G5-D-2/S3,G5-D-2,S3,pd0001168,메디큐브 트리플 콜라겐 크림 4.0 50ml,50ml,탄력·주름 스킨케어,C,대체 후보,1,권장 주 진열에 지정된 모듈,대체 후보 채택 · 1F 시작
G5-D-2/S5,G5-D-2,S5,pd0001166,메디큐브 트리플 콜라겐 토너 4.0 140ml,140ml,탄력·주름 스킨케어,C,대체 후보,1,권장 주 진열에 지정된 모듈,대체 후보 채택 · 1F 시작
W4/S5,W4,S5,pd0000024,메모큐액,10mL*30병*2EA,자양강장·한방 상담약,C,대체 후보,1,권장 주 진열에 지정된 모듈,대체 후보 채택 · 1F 시작
G3-D-1/S5,G3-D-1,S5,pd0002552,멜라텐션크림2%,20g*2,기미·색소 외용제,C,대체 후보,1,권장 주 진열에 지정된 모듈,대체 후보 채택 · 1F 시작
G3-D-1/S3,G3-D-1,S3,pd0002551,멜라텐션크림4%,20g*2,기미·색소 외용제,C,대체 후보,1,권장 주 진열에 지정된 모듈,대체 후보 채택 · 1F 시작
G3-D-1/S5,G3-D-1,S5,pd0001846,멜라토닝크림 50g,50g,기미·색소 외용제,C,대체 후보,1,권장 주 진열에 지정된 모듈,대체 후보 채택 · 1F 시작
L1/S4,L1,S4,pd0002537,모드코에스연질캡슐,10c,비염·알레르기 상담약,C,대체 후보,1,권장 주 진열에 지정된 모듈,대체 후보 채택 · 1F 시작
L1/S5,L1,S5,pd0002535,모드코프에스연질캡슐,10c,기침·인후 상담약,C,대체 후보,1,권장 주 진열에 지정된 모듈,대체 후보 채택 · 1F 시작
G3-U-1/S2,G3-U-1,S2,pd0002010,모바렌캡슐,180c,탈모·두피 상담약,C,대체 후보,1,권장 주 진열에 지정된 모듈,대체 후보 채택 · 1F 시작
G3-U-1/S3,G3-U-1,S3,pd0002256,미녹시딜액3%,200ml,탈모·두피 상담약,C,대체 후보,1,권장 주 진열에 지정된 모듈,대체 후보 채택 · 1F 시작
G6-D-2/S3,G6-D-2,S3,pd0000109,바슈롬 리뉴 후레쉬용액 355ml,355ml,렌즈·눈꺼풀 위생,C,대체 후보,1,권장 주 진열에 지정된 모듈,대체 후보 채택 · 1F 시작
G2-U-1/S2,G2-U-1,S2,pd0001903,바스포연고,10g,상처 항균 외용제,C,대체 후보,1,권장 주 진열에 지정된 모듈,대체 후보 채택 · 1F 시작
W4/S5,W4,S5,pd0002450,박카스O,20병,자양강장·한방 상담약,C,대체 후보,1,권장 주 진열에 지정된 모듈,대체 후보 채택 · 1F 시작
W4/S5,W4,S5,pd0002473,박카스디카페,120ml,자양강장·한방 상담약,C,대체 후보,1,권장 주 진열에 지정된 모듈,대체 후보 채택 · 1F 시작
L2/S2,L2,S2,pd0002387,반사신과립(반하사심탕엑스과립),4g*5포,소화·위장 상담약,C,대체 후보,1,권장 주 진열에 지정된 모듈,대체 후보 채택 · 1F 시작
L2/S2,L2,S2,pd0002034,백초시럽플러스,10P,소화·위장 상담약,C,대체 후보,1,권장 주 진열에 지정된 모듈,대체 후보 채택 · 1F 시작
RF1/S2,RF1,S2,pd0002514,베지핏 레드비트,60정,건강즙·차·음료,N,초도 비권장,1,냉장·상온 음료 → 오픈 냉장고,초도 비권장 판정 재확인
RF1/S2,RF1,S2,pd0002273,베지핏 석류,60정,건강즙·차·음료,N,초도 비권장,1,냉장·상온 음료 → 오픈 냉장고,초도 비권장 판정 재확인
RF1/S2,RF1,S2,pd0002515,베지핏 콜리플라워,60정,건강즙·차·음료,N,초도 비권장,1,냉장·상온 음료 → 오픈 냉장고,초도 비권장 판정 재확인
RF1/S2,RF1,S2,pd0002271,베지핏 튜메릭(강황생강),60정,건강즙·차·음료,N,초도 비권장,1,냉장·상온 음료 → 오픈 냉장고,초도 비권장 판정 재확인
G2-U-1/S3,G2-U-1,S3,pd0002376,벤트플라겔,15g,상처·피부손상 외용제,C,대체 후보,1,권장 주 진열에 지정된 모듈,대체 후보 채택 · 1F 시작
W4/S2,W4,S2,pd0001999,비맥스액티브정,60T*2EA,비타민B 경구제품,C,대체 후보,1,권장 주 진열에 지정된 모듈,대체 후보 채택 · 1F 시작
W4/S2,W4,S2,pd0002001,비맥스에버프리미엄정,60정*2,비타민B 경구제품,C,대체 후보,1,권장 주 진열에 지정된 모듈,대체 후보 채택 · 1F 시작
W4/S2,W4,S2,pd0002000,비맥스제트,100정,비타민B 경구제품,C,대체 후보,1,권장 주 진열에 지정된 모듈,대체 후보 채택 · 1F 시작
G4-D-1/S5,G4-D-1,S5,pd0001993,비타민씨정1000mg,600T,비타민C 경구제품,C,대체 후보,1,권장 주 진열에 지정된 모듈,대체 후보 채택 · 1F 시작
W5/S3,W5,S3,pd0002015,사뮤르 이너뷰티 홍삼스틱,10g*55포,홍삼 제품,C,대체 후보,1,권장 주 진열에 지정된 모듈,대체 후보 채택 · 1F 시작
B3/S4,B3,S4,pd0002111,살룸 속옷 보관 파우치,1개입,여행·생활용품,C,대체 후보,1,권장 주 진열에 지정된 모듈,대체 후보 채택 · 1F 시작
G2-U-1/S2,G2-U-1,S2,pd0001900,상아후시메드연고,10g,상처 항균 외용제,C,대체 후보,1,권장 주 진열에 지정된 모듈,대체 후보 채택 · 1F 시작
L2/S3,L2,S3,pd0002032,설멈츄정,12정,설사 상담약,C,대체 후보,1,권장 주 진열에 지정된 모듈,대체 후보 채택 · 1F 시작
L3/S5,L3,S5,pd0001983,세나트리플연질캡슐,12c,경구 해열·진통제,C,대체 후보,1,권장 주 진열에 지정된 모듈,대체 후보 채택 · 1F 시작
B3/S2,B3,S2,pd0000091,세븐플러스 일회용 부직포 마스크,8매,마스크·위생 소모품,C,대체 후보,1,권장 주 진열에 지정된 모듈,대체 후보 채택 · 1F 시작
G3-U-2/S2,G3-U-2,S2,pd0001985,센스리베정,21T,여성 상담약,C,대체 후보,1,권장 주 진열에 지정된 모듈,대체 후보 채택 · 1F 시작
G2-D-1/S4,G2-D-1,S4,pd0002553,센스카나겔,15g,흉터 외용제,C,대체 후보,1,권장 주 진열에 지정된 모듈,대체 후보 채택 · 1F 시작
G3-U-2/S5,G3-U-2,S5,pd0000017,소프트콘돔DOTSD(돗트형),10P,콘돔·셀프검사,C,대체 후보,1,권장 주 진열에 지정된 모듈,대체 후보 채택 · 1F 시작
G3-U-2/S5,G3-U-2,S5,pd0000019,소프트콘돔GREENC(프리미엄),12P,콘돔·셀프검사,C,대체 후보,1,권장 주 진열에 지정된 모듈,대체 후보 채택 · 1F 시작
G3-U-2/S5,G3-U-2,S5,pd0000018,소프트콘돔PTYPE(슬림형),10P,콘돔·셀프검사,C,대체 후보,1,권장 주 진열에 지정된 모듈,대체 후보 채택 · 1F 시작
G3-U-2/S5,G3-U-2,S5,pd0000016,소프트콘돔SPIRALSS(나선형),10P,콘돔·셀프검사,C,대체 후보,1,권장 주 진열에 지정된 모듈,대체 후보 채택 · 1F 시작
G3-U-2/S5,G3-U-2,S5,pd0000015,소프트콘돔포티나인(밀착형),10P,콘돔·셀프검사,C,대체 후보,1,권장 주 진열에 지정된 모듈,대체 후보 채택 · 1F 시작
G2-D-1/S4,G2-D-1,S4,pd0001844,스카논겔,15g,흉터 외용제,C,대체 후보,1,권장 주 진열에 지정된 모듈,대체 후보 채택 · 1F 시작
G2-D-1/S2,G2-D-1,S2,pd0001820,스카덤클리어겔,20g,흉터 외용제,C,대체 후보,1,권장 주 진열에 지정된 모듈,대체 후보 채택 · 1F 시작
G2-D-1/S4,G2-D-1,S4,pd0001837,스카힐골드겔,20g,흉터 외용제,C,대체 후보,1,권장 주 진열에 지정된 모듈,대체 후보 채택 · 1F 시작
G3-D-2/S5,G3-D-2,S5,pd0002527,스킨토닝 바이 르디퍼 알엑스,4.3ml,톤·브라이트닝 스킨케어,C,대체 후보,1,권장 주 진열에 지정된 모듈,대체 후보 채택 · 1F 시작
G4-D-2/S5,G4-D-2,S5,pd0000184,스프렉사 위스틱 효소,42g,효소 식품,C,대체 후보,1,권장 주 진열에 지정된 모듈,대체 후보 채택 · 1F 시작
G6-D-2/S2,G6-D-2,S2,pd0001961,시크린원점안액,14ml,점안·세안 의약품,C,대체 후보,1,권장 주 진열에 지정된 모듈,대체 후보 채택 · 1F 시작
L3/S3,L3,S3,pd0001893,신신물파스에스,90mL,파스·바르는 진통제,C,대체 후보,1,권장 주 진열에 지정된 모듈,대체 후보 채택 · 1F 시작
G6-U-1/S5,G6-U-1,S5,pd0001882,신신티눈고,2매,티눈·굳은살 외용제,C,대체 후보,1,권장 주 진열에 지정된 모듈,대체 후보 채택 · 1F 시작
L3/S4,L3,S4,pd0001878,신신파스 플렉스 캐네펜,6매,파스·바르는 진통제,C,대체 후보,1,권장 주 진열에 지정된 모듈,대체 후보 채택 · 1F 시작
L3/S5,L3,S5,pd0001880,신신파스 플렉스 한방,6매,파스·바르는 진통제,C,대체 후보,1,권장 주 진열에 지정된 모듈,대체 후보 채택 · 1F 시작
L3/S2,L3,S2,pd0001884,신신파스-RX(소형),42매,파스·바르는 진통제,C,대체 후보,1,권장 주 진열에 지정된 모듈,대체 후보 채택 · 1F 시작
L3/S3,L3,S3,pd0001886,신신파스아렉스(대형),30매,파스·바르는 진통제,C,대체 후보,1,권장 주 진열에 지정된 모듈,대체 후보 채택 · 1F 시작
W1/S4,W1,S4,pd0000026,쎄레스틴크림,30g,피부염·가려움 외용제,C,대체 후보,1,권장 주 진열에 지정된 모듈,대체 후보 채택 · 1F 시작
L2/S4,L2,S4,pd0002408,아시원슬림산,90포,변비 상담약,C,대체 후보,1,권장 주 진열에 지정된 모듈,대체 후보 채택 · 1F 시작
L2/S4,L2,S4,pd0002407,아시원정,180T/2ea,변비 상담약,C,대체 후보,1,권장 주 진열에 지정된 모듈,대체 후보 채택 · 1F 시작
G6-D-2/S2,G6-D-2,S2,pd0001969,아이미루40EX마일드,13ml,점안·세안 의약품,C,대체 후보,1,권장 주 진열에 지정된 모듈,대체 후보 채택 · 1F 시작
G6-D-2/S2,G6-D-2,S2,pd0001974,아이미루40EX점안액,13ml,점안·세안 의약품,C,대체 후보,1,권장 주 진열에 지정된 모듈,대체 후보 채택 · 1F 시작
G6-D-2/S2,G6-D-2,S2,pd0001984,아이미루40골드점안액,13ml,점안·세안 의약품,C,대체 후보,1,권장 주 진열에 지정된 모듈,대체 후보 채택 · 1F 시작
G6-D-2/S2,G6-D-2,S2,pd0001982,아이미루40이엑스골드콘택트점안액,13ml,점안·세안 의약품,C,대체 후보,1,권장 주 진열에 지정된 모듈,대체 후보 채택 · 1F 시작
G6-D-2/S2,G6-D-2,S2,pd0002538,아이봉C,480mL,점안·세안 의약품,C,대체 후보,1,권장 주 진열에 지정된 모듈,대체 후보 채택 · 1F 시작
G6-D-2/S2,G6-D-2,S2,pd0002534,아이봉W,480mL,점안·세안 의약품,C,대체 후보,1,권장 주 진열에 지정된 모듈,대체 후보 채택 · 1F 시작
G6-D-2/S2,G6-D-2,S2,pd0000063,아이퓨어점안액,0.5mL*30관,점안·세안 의약품,C,대체 후보,1,권장 주 진열에 지정된 모듈,대체 후보 채택 · 1F 시작
G4-U-2/S2,G4-U-2,S2,pd0002389,아임비타,10병,멀티비타민·미네랄,C,대체 후보,1,권장 주 진열에 지정된 모듈,대체 후보 채택 · 1F 시작
G2-U-1/S3,G2-U-1,S3,pd0002385,아즈렌S크림,30g,상처·피부손상 외용제,C,대체 후보,1,권장 주 진열에 지정된 모듈,대체 후보 채택 · 1F 시작
G1-D-1/S4,G1-D-1,S4,pd0001855,아크덤겔,30g,기타 여드름 외용제,C,대체 후보,1,권장 주 진열에 지정된 모듈,대체 후보 채택 · 1F 시작
L3/S4,L3,S4,pd0002542,안티푸라민 더블파워 대형,6매*5개입,파스·바르는 진통제,C,대체 후보,1,권장 주 진열에 지정된 모듈,대체 후보 채택 · 1F 시작
L3/S5,L3,S5,pd0002541,안티푸라민 더블파워 중형,7매*4개입,파스·바르는 진통제,C,대체 후보,1,권장 주 진열에 지정된 모듈,대체 후보 채택 · 1F 시작
L3/S2,L3,S2,pd0002409,안티푸라민연고,500g,파스·바르는 진통제,C,대체 후보,1,권장 주 진열에 지정된 모듈,대체 후보 채택 · 1F 시작
L3/S3,L3,S3,pd0002404,안티푸라민연고,60g,파스·바르는 진통제,C,대체 후보,1,권장 주 진열에 지정된 모듈,대체 후보 채택 · 1F 시작
G2-U-1/S2,G2-U-1,S2,pd0001908,에스로반연고(티트리오일),10g,상처 항균 외용제,C,대체 후보,1,권장 주 진열에 지정된 모듈,대체 후보 채택 · 1F 시작
B8/S2,B8,S2,pd0000911,엑소바이오 시카 엑소좀 프리미엄 앰플,5ml*5ea,신성분 스킨케어,C,대체 후보,1,권장 주 진열에 지정된 모듈,대체 후보 채택 · 1F 시작
G6-D-3/S5,G6-D-3,S5,pd0001836,엘라스에이액,7ml*10EA,다리 순환 상담약,C,대체 후보,1,권장 주 진열에 지정된 모듈,대체 후보 채택 · 1F 시작
W1/S4,W1,S4,pd0002362,엘린플러스크림,20g,피부염·가려움 외용제,C,대체 후보,1,권장 주 진열에 지정된 모듈,대체 후보 채택 · 1F 시작
G3-D-2/S2,G3-D-2,S2,pd0002439,예쁜얼굴 비타민C크림,25g,톤·브라이트닝 스킨케어,C,대체 후보,1,권장 주 진열에 지정된 모듈,대체 후보 채택 · 1F 시작
G3-D-3/S2,G3-D-3,S2,pd0002437,예쁜얼굴 썬크림 포르테,25g,자외선차단,C,대체 후보,1,권장 주 진열에 지정된 모듈,대체 후보 채택 · 1F 시작
G1-U-1/S4,G1-U-1,S4,pd0001676,오닝바이브 파인샷 엑소좀 멜팅 그라인딩 클렌징 밤,50ml,세안제·클렌징,C,대체 후보,1,권장 주 진열에 지정된 모듈,대체 후보 채택 · 1F 시작
G3-D-3/S3,G3-D-3,S3,pd0001677,오닝바이브 파인샷 엑소좀 모이스처 수딩 선 크림,50ml,자외선차단,C,대체 후보,1,권장 주 진열에 지정된 모듈,대체 후보 채택 · 1F 시작
G1-U-1/S5,G1-U-1,S5,pd0001675,오닝바이브 파인샷 엑소좀 모이스처 팩 클렌저,150ml,세안제·클렌징,C,대체 후보,1,권장 주 진열에 지정된 모듈,대체 후보 채택 · 1F 시작
B8/S3,B8,S3,pd0001673,오닝바이브 파인샷 엑소좀 하이드레이팅 앰플,30ml,신성분 스킨케어,C,대체 후보,1,권장 주 진열에 지정된 모듈,대체 후보 채택 · 1F 시작
B8/S4,B8,S4,pd0001674,오닝바이브 파인샷 엑소좀 하이드레이팅 크림,50ml,신성분 스킨케어,C,대체 후보,1,권장 주 진열에 지정된 모듈,대체 후보 채택 · 1F 시작
B8/S2,B8,S2,pd0001672,오닝바이브 파인샷 엑소좀 하이드레이팅 토너,150ml,신성분 스킨케어,C,대체 후보,1,권장 주 진열에 지정된 모듈,대체 후보 채택 · 1F 시작
G6-D-2/S2,G6-D-2,S2,pd0002012,오큐시스점안액,0.5ml*60EA,점안·세안 의약품,C,대체 후보,1,권장 주 진열에 지정된 모듈,대체 후보 채택 · 1F 시작
L1/S3,L1,S3,pd0002073,용각산쿨과립(민트),18p,기침·인후 상담약,C,대체 후보,1,권장 주 진열에 지정된 모듈,대체 후보 채택 · 1F 시작
L1/S5,L1,S5,pd0002071,용각산쿨과립(블루베리),18p,기침·인후 상담약,C,대체 후보,1,권장 주 진열에 지정된 모듈,대체 후보 채택 · 1F 시작
B8/S3,B8,S3,pd0000619,원진이펙트 닥터원진 PDLLA 부스팅 풀 샷 앰플,35ml,신성분 스킨케어,C,대체 후보,1,권장 주 진열에 지정된 모듈,대체 후보 채택 · 1F 시작
G6-U-2/S3,G6-U-2,S3,pd0000110,웰빙헬스 고운발(빨강),100g,풋 케어 화장품,C,대체 후보,1,권장 주 진열에 지정된 모듈,대체 후보 채택 · 1F 시작
G2-U-3/S4,G2-U-3,S4,pd0000111,웰빙헬스 관절애(HOT/마사지크림) 120g,120g,바디 보습·미스트,C,대체 후보,1,권장 주 진열에 지정된 모듈,대체 후보 채택 · 1F 시작
G6-U-2/S4,G6-U-2,S4,pd0000112,웰빙헬스 명품 고운발,110g,풋 케어 화장품,C,대체 후보,1,권장 주 진열에 지정된 모듈,대체 후보 채택 · 1F 시작
G5-D-2/S2,G5-D-2,S2,pd0002441,웰빙헬스 예쁜얼굴 콜라겐크림 휴대용,25ml,탄력·주름 스킨케어,C,대체 후보,1,권장 주 진열에 지정된 모듈,대체 후보 채택 · 1F 시작
L2/S2,L2,S2,pd0000050,위엔부틴정,10T,소화·위장 상담약,C,대체 후보,1,권장 주 진열에 지정된 모듈,대체 후보 채택 · 1F 시작
L2/S2,L2,S2,pd0002022,위제로알파정,30포*3EA,소화·위장 상담약,C,대체 후보,1,권장 주 진열에 지정된 모듈,대체 후보 채택 · 1F 시작
G3-U-2/S3,G3-U-2,S3,pd0000084,유기농본 롱팬티라이너,28P,여성 위생·청결,C,대체 후보,1,권장 주 진열에 지정된 모듈,대체 후보 채택 · 1F 시작
G3-U-2/S4,G3-U-2,S4,pd0000079,유기농본생리대(대형),14P,여성 위생·청결,C,대체 후보,1,권장 주 진열에 지정된 모듈,대체 후보 채택 · 1F 시작
G3-U-2/S3,G3-U-2,S3,pd0000081,유기농본생리대(소형),18p,여성 위생·청결,C,대체 후보,1,권장 주 진열에 지정된 모듈,대체 후보 채택 · 1F 시작
G3-U-2/S4,G3-U-2,S4,pd0000080,유기농본생리대(중형),16P,여성 위생·청결,C,대체 후보,1,권장 주 진열에 지정된 모듈,대체 후보 채택 · 1F 시작
G3-U-2/S3,G3-U-2,S3,pd0000082,유기농본오버나이트생리대,10P,여성 위생·청결,C,대체 후보,1,권장 주 진열에 지정된 모듈,대체 후보 채택 · 1F 시작
G3-U-2/S4,G3-U-2,S4,pd0000083,유기농본팬티라이너,34p,여성 위생·청결,C,대체 후보,1,권장 주 진열에 지정된 모듈,대체 후보 채택 · 1F 시작
G1-D-2/S3,G1-D-2,S3,pd0002315,이지덤리얼카밍,6매,스팟 보호 패치,C,대체 후보,1,권장 주 진열에 지정된 모듈,대체 후보 채택 · 1F 시작
L3/S4,L3,S4,pd0001941,이지엔6애니연질캡슐,10c,경구 해열·진통제,C,대체 후보,1,권장 주 진열에 지정된 모듈,대체 후보 채택 · 1F 시작
L3/S5,L3,S5,pd0001943,이지엔6이브연질캡슐,30캡슐,경구 해열·진통제,C,대체 후보,1,권장 주 진열에 지정된 모듈,대체 후보 채택 · 1F 시작
L3/S2,L3,S2,pd0001944,이지엔6프로연질캡슐,30캡슐,경구 해열·진통제,C,대체 후보,1,권장 주 진열에 지정된 모듈,대체 후보 채택 · 1F 시작
L3/S3,L3,S3,pd0001942,이지엔6프로연질캡슐,10c,경구 해열·진통제,C,대체 후보,1,권장 주 진열에 지정된 모듈,대체 후보 채택 · 1F 시작
B3/S5,B3,S5,pd0000090,이케어 데일리마스크(검정색) 5매입,5매,마스크·위생 소모품,C,대체 후보,1,권장 주 진열에 지정된 모듈,대체 후보 채택 · 1F 시작
G3-U-3/S2,G3-U-3,S2,pd0002268,자멘쏙정,20T,수면 상담약,C,대체 후보,1,권장 주 진열에 지정된 모듈,대체 후보 채택 · 1F 시작
RF1/S2,RF1,S2,pd0000363,자연공유 유기농 100% 레몬즙,20g*15포,건강즙·차·음료,N,초도 비권장,1,냉장·상온 음료 → 오픈 냉장고,초도 비권장 판정 재확인
W4/S5,W4,S5,pd0002522,자하생력,1EA,자양강장·한방 상담약,C,대체 후보,1,권장 주 진열에 지정된 모듈,대체 후보 채택 · 1F 시작
W5/S4,W5,S4,pd0002056,정원삼 6년근 고려홍삼정 365스틱 100포,10g*100포,홍삼 제품,C,대체 후보,1,권장 주 진열에 지정된 모듈,대체 후보 채택 · 1F 시작
W5/S5,W5,S5,pd0002061,정원삼 6년근 고려홍삼정 365스틱 키즈,10g x 100포,홍삼 제품,C,대체 후보,1,권장 주 진열에 지정된 모듈,대체 후보 채택 · 1F 시작
W5/S3,W5,S3,pd0002063,정원삼 6년근 고려홍삼정 365스틱 키즈,10g x 30포,홍삼 제품,C,대체 후보,1,권장 주 진열에 지정된 모듈,대체 후보 채택 · 1F 시작
W5/S4,W5,S4,pd0002065,정원삼 6년근 발효홍삼정365(4병),200g*4병,홍삼 제품,C,대체 후보,1,권장 주 진열에 지정된 모듈,대체 후보 채택 · 1F 시작
W5/S5,W5,S5,pd0002058,정원삼 정성담은 고려홍삼스틱,10g*50포,홍삼 제품,C,대체 후보,1,권장 주 진열에 지정된 모듈,대체 후보 채택 · 1F 시작
W5/S2,W5,S2,pd0002068,정원삼 침향기력단,3.75g x 60환,침향·전통 건강식품,C,대체 후보,1,권장 주 진열에 지정된 모듈,대체 후보 채택 · 1F 시작
W5/S2,W5,S2,pd0002067,정원삼 침향보력단,3.75g x 100환,침향·전통 건강식품,C,대체 후보,1,권장 주 진열에 지정된 모듈,대체 후보 채택 · 1F 시작
RF1/S2,RF1,S2,pd0000103,주스업 프리미엄 유산균 ABC주스[오픈마켓판매금지],80ml*10EA,건강즙·차·음료,N,초도 비권장,1,냉장·상온 음료 → 오픈 냉장고,초도 비권장 판정 재확인
RF1/S2,RF1,S2,pd0000097,주스업 프리미엄 유산균 검은콩차[오픈마켓판매금지],80ml*10EA,건강즙·차·음료,N,초도 비권장,1,냉장·상온 음료 → 오픈 냉장고,초도 비권장 판정 재확인
RF1/S2,RF1,S2,pd0000101,주스업 프리미엄 유산균 레몬주스[오픈마켓판매금지],80ml*10EA,건강즙·차·음료,N,초도 비권장,1,냉장·상온 음료 → 오픈 냉장고,초도 비권장 판정 재확인
RF1/S2,RF1,S2,pd0000098,주스업 프리미엄 유산균 모로오렌지주스[오픈마켓판매금지],80ml*10EA,건강즙·차·음료,N,초도 비권장,1,냉장·상온 음료 → 오픈 냉장고,초도 비권장 판정 재확인
RF1/S2,RF1,S2,pd0000102,주스업 프리미엄 유산균 배도라지즙[오픈마켓판매금지],80ml*10EA,건강즙·차·음료,N,초도 비권장,1,냉장·상온 음료 → 오픈 냉장고,초도 비권장 판정 재확인
RF1/S2,RF1,S2,pd0000104,주스업 프리미엄 유산균 사과즙[오픈마켓판매금지],80ml*10EA,건강즙·차·음료,N,초도 비권장,1,냉장·상온 음료 → 오픈 냉장고,초도 비권장 판정 재확인
RF1/S2,RF1,S2,pd0000099,주스업 프리미엄 유산균 석류주스[오픈마켓판매금지],80ml*10EA,건강즙·차·음료,N,초도 비권장,1,냉장·상온 음료 → 오픈 냉장고,초도 비권장 판정 재확인
RF1/S2,RF1,S2,pd0000096,주스업 프리미엄 유산균 팥차[오픈마켓판매금지],80ml*10EA,건강즙·차·음료,N,초도 비권장,1,냉장·상온 음료 → 오픈 냉장고,초도 비권장 판정 재확인
RF1/S2,RF1,S2,pd0000105,주스업 프리미엄 유산균 푸룬주스[오픈마켓판매금지],80ml*10EA,건강즙·차·음료,N,초도 비권장,1,냉장·상온 음료 → 오픈 냉장고,초도 비권장 판정 재확인
RF1/S2,RF1,S2,pd0000100,주스업 프리미엄 유산균 호박즙[오픈마켓판매금지],80ml*10EA,건강즙·차·음료,N,초도 비권장,1,냉장·상온 음료 → 오픈 냉장고,초도 비권장 판정 재확인
G3-U-2/S2,G3-U-2,S2,pd0001975,지노베타딘질좌제,10EA,여성 상담약,C,대체 후보,1,권장 주 진열에 지정된 모듈,대체 후보 채택 · 1F 시작
L3/S4,L3,S4,pd0002045,챔프시럽(체리향),10포,경구 해열·진통제,C,대체 후보,1,권장 주 진열에 지정된 모듈,대체 후보 채택 · 1F 시작
L3/S5,L3,S5,pd0002040,챔프이부펜시럽,10포,경구 해열·진통제,C,대체 후보,1,권장 주 진열에 지정된 모듈,대체 후보 채택 · 1F 시작
L1/S2,L1,S2,pd0002039,챔프콜드펜하이시럽,10포,종합감기 상담약,C,대체 후보,1,권장 주 진열에 지정된 모듈,대체 후보 채택 · 1F 시작
G3-U-2/S3,G3-U-2,S3,pd0002038,치지래과립,30p,치질 상담약,C,대체 후보,1,권장 주 진열에 지정된 모듈,대체 후보 채택 · 1F 시작
G3-U-2/S2,G3-U-2,S2,pd0002421,카네스텐6질정,6T,여성 상담약,C,대체 후보,1,권장 주 진열에 지정된 모듈,대체 후보 채택 · 1F 시작
G6-U-1/S2,G6-U-1,S2,pd0002425,카네스텐크림,10g,무좀·진균 외용제,C,대체 후보,1,권장 주 진열에 지정된 모듈,대체 후보 채택 · 1F 시작
G2-D-2/S4,G2-D-2,S4,pd0002026,케어리브(중형),50매,일반·방수 밴드,C,대체 후보,1,권장 주 진열에 지정된 모듈,대체 후보 채택 · 1F 시작
G2-U-1/S2,G2-U-1,S2,pd0000025,케어믹신플러스연고,10g,상처 항균 외용제,C,대체 후보,1,권장 주 진열에 지정된 모듈,대체 후보 채택 · 1F 시작
G2-D-1/S2,G2-D-1,S2,pd0000004,케어스카겔,20g,흉터 외용제,C,대체 후보,1,권장 주 진열에 지정된 모듈,대체 후보 채택 · 1F 시작
G1-D-1/S3,G1-D-1,S3,pd0000012,케어아크네크림,15g,붉은 여드름 외용제,C,대체 후보,1,권장 주 진열에 지정된 모듈,대체 후보 채택 · 1F 시작
L1/S2,L1,S2,pd0002433,콜대원 나이트시럽,20ml*5포,종합감기 상담약,C,대체 후보,1,권장 주 진열에 지정된 모듈,대체 후보 채택 · 1F 시작
L1/S4,L1,S4,pd0002431,콜대원노즈큐에스시럽,20mL*5포,비염·알레르기 상담약,C,대체 후보,1,권장 주 진열에 지정된 모듈,대체 후보 채택 · 1F 시작
G3-U-3/S2,G3-U-3,S2,pd0002345,쿨드림롱,10c,수면 상담약,C,대체 후보,1,권장 주 진열에 지정된 모듈,대체 후보 채택 · 1F 시작
G3-U-3/S2,G3-U-3,S2,pd0002340,쿨드림연질캡슐,10c,수면 상담약,C,대체 후보,1,권장 주 진열에 지정된 모듈,대체 후보 채택 · 1F 시작
G6-U-3/S3,G6-U-3,S3,pd0000045,큐어온 관절보호대 서포트(허리),FREE,보호대·테이핑·온열용품,C,대체 후보,1,권장 주 진열에 지정된 모듈,대체 후보 채택 · 1F 시작
G6-U-3/S2,G6-U-3,S2,pd0000040,큐어온 관절보호대 테이핑서포터(무릎),M,보호대·테이핑·온열용품,C,대체 후보,1,권장 주 진열에 지정된 모듈,대체 후보 채택 · 1F 시작
G6-U-3/S3,G6-U-3,S3,pd0000041,큐어온 관절보호대 테이핑서포터(무릎),L,보호대·테이핑·온열용품,C,대체 후보,1,권장 주 진열에 지정된 모듈,대체 후보 채택 · 1F 시작
G6-U-3/S2,G6-U-3,S2,pd0000037,큐어온 관절보호대 테이핑서포터(발목),M,보호대·테이핑·온열용품,C,대체 후보,1,권장 주 진열에 지정된 모듈,대체 후보 채택 · 1F 시작
G6-U-3/S3,G6-U-3,S3,pd0000038,큐어온 관절보호대 테이핑서포터(발목),L,보호대·테이핑·온열용품,C,대체 후보,1,권장 주 진열에 지정된 모듈,대체 후보 채택 · 1F 시작
G6-U-3/S2,G6-U-3,S2,pd0000033,큐어온 관절보호대 테이핑서포터(손목),S,보호대·테이핑·온열용품,C,대체 후보,1,권장 주 진열에 지정된 모듈,대체 후보 채택 · 1F 시작
G6-U-3/S3,G6-U-3,S3,pd0000034,큐어온 관절보호대 테이핑서포터(손목),M,보호대·테이핑·온열용품,C,대체 후보,1,권장 주 진열에 지정된 모듈,대체 후보 채택 · 1F 시작
G6-U-3/S2,G6-U-3,S2,pd0000035,큐어온 관절보호대 테이핑서포터(손목),L,보호대·테이핑·온열용품,C,대체 후보,1,권장 주 진열에 지정된 모듈,대체 후보 채택 · 1F 시작
G6-U-3/S3,G6-U-3,S3,pd0000042,큐어온 관절보호대 테이핑서포터(팔꿈치),S,보호대·테이핑·온열용품,C,대체 후보,1,권장 주 진열에 지정된 모듈,대체 후보 채택 · 1F 시작
G6-U-3/S2,G6-U-3,S2,pd0000043,큐어온 관절보호대 테이핑서포터(팔꿈치),M,보호대·테이핑·온열용품,C,대체 후보,1,권장 주 진열에 지정된 모듈,대체 후보 채택 · 1F 시작
G6-U-3/S3,G6-U-3,S3,pd0000044,큐어온 관절보호대 테이핑서포터(팔꿈치),L,보호대·테이핑·온열용품,C,대체 후보,1,권장 주 진열에 지정된 모듈,대체 후보 채택 · 1F 시작
L3/S2,L3,S2,pd0001935,타이레놀정500mg,30T,경구 해열·진통제,C,대체 후보,1,권장 주 진열에 지정된 모듈,대체 후보 채택 · 1F 시작
L3/S3,L3,S3,pd0001945,탁센레이디연질캡슐,10C,경구 해열·진통제,C,대체 후보,1,권장 주 진열에 지정된 모듈,대체 후보 채택 · 1F 시작
L3/S4,L3,S4,pd0001933,탁센아세트아미노펜,10T,경구 해열·진통제,C,대체 후보,1,권장 주 진열에 지정된 모듈,대체 후보 채택 · 1F 시작
RF1/S2,RF1,S2,pd0002518,태초수 하이드로겐 미네랄 워터,350ml,건강즙·차·음료,N,초도 비권장,1,냉장·상온 음료 → 오픈 냉장고,초도 비권장 판정 재확인
L4/S3,L4,S3,pd0002512,테라브레스 프레시브레스 오랄린스 레인포레스트민트향,473ML,가글·구강 스프레이,C,대체 후보,1,권장 주 진열에 지정된 모듈,대체 후보 채택 · 1F 시작
L4/S2,L4,S2,pd0002356,테라브레스마일드민트치약,150g,치약,C,대체 후보,1,권장 주 진열에 지정된 모듈,대체 후보 채택 · 1F 시작
G6-U-1/S3,G6-U-1,S3,pd0000055,테리나플러스크림,20g,무좀·진균 외용제,C,대체 후보,1,권장 주 진열에 지정된 모듈,대체 후보 채택 · 1F 시작
G3-U-2/S4,G3-U-2,S4,pd0001831,템포내추럴슈퍼,10P,여성 위생·청결,C,대체 후보,1,권장 주 진열에 지정된 모듈,대체 후보 채택 · 1F 시작
B8/S5,B8,S5,pd0001731,"톰 PPM 30,000 트리플 시너지 릴리프 크림 (50ml)",50ml,기초 스킨케어·세부목적 확인,H,확인 후 검토,1,권장 주 진열에 지정된 모듈,분류·표시 확인 후 진열
W4/S2,W4,S2,pd0002003,투엑스비트리플정,120정,비타민B 경구제품,C,대체 후보,1,권장 주 진열에 지정된 모듈,대체 후보 채택 · 1F 시작
L1/S3,L1,S3,pd0002424,트로겐연조엑스(구풍해독탕),12g*6포,기침·인후 상담약,C,대체 후보,1,권장 주 진열에 지정된 모듈,대체 후보 채택 · 1F 시작
G3-U-1/S4,G3-U-1,S4,pd0002260,판토모나 비오틴 플러스맥스(남성용),180T,비오틴·모발 영양,C,대체 후보,1,권장 주 진열에 지정된 모듈,대체 후보 채택 · 1F 시작
G3-U-1/S5,G3-U-1,S5,pd0002262,판토모나 비오틴 플러스맥스(여성용),270T,비오틴·모발 영양,C,대체 후보,1,권장 주 진열에 지정된 모듈,대체 후보 채택 · 1F 시작
G3-U-1/S4,G3-U-1,S4,pd0002261,판토모나 비오틴 하이퍼포머(온가족용),240T,비오틴·모발 영양,C,대체 후보,1,권장 주 진열에 지정된 모듈,대체 후보 채택 · 1F 시작
RF1/S2,RF1,S2,pd0000214,퍼니트 리얼 콤부차 애플사이다비니거 30개입,5g*30포,건강즙·차·음료,N,초도 비권장,1,냉장·상온 음료 → 오픈 냉장고,초도 비권장 판정 재확인
RF1/S2,RF1,S2,pd0000213,퍼니트 리얼 콤부차 파인애플 30개입,5g*30포,건강즙·차·음료,N,초도 비권장,1,냉장·상온 음료 → 오픈 냉장고,초도 비권장 판정 재확인
G4-D-2/S5,G4-D-2,S5,pd0000212,퍼니트 리얼 파인애플 효소 30포,3g*30포,효소 식품,C,대체 후보,1,권장 주 진열에 지정된 모듈,대체 후보 채택 · 1F 시작
G6-U-3/S4,G6-U-3,S4,pd0000216,퍼니트 링포유 레몬맛 10포,11g*10포,수분·에너지 식품,C,대체 후보,1,권장 주 진열에 지정된 모듈,대체 후보 채택 · 1F 시작
RF1/S2,RF1,S2,pd0000211,퍼니트 마시는 샐러드 30포,2g*30포,건강즙·차·음료,N,초도 비권장,1,냉장·상온 음료 → 오픈 냉장고,초도 비권장 판정 재확인
RF1/S2,RF1,S2,pd0000210,퍼니트 유기농 올레샷 올리브오일 앤 레몬즙 14포,20g*14포,건강즙·차·음료,N,초도 비권장,1,냉장·상온 음료 → 오픈 냉장고,초도 비권장 판정 재확인
G3-U-2/S3,G3-U-2,S3,pd0001924,푸레파인마일드좌제,10T,치질 상담약,C,대체 후보,1,권장 주 진열에 지정된 모듈,대체 후보 채택 · 1F 시작
RF1/S2,RF1,S2,pd0001951,퓨어 유기농 석류즙,10ml*30포,건강즙·차·음료,N,초도 비권장,1,냉장·상온 음료 → 오픈 냉장고,초도 비권장 판정 재확인
W4/S3,W4,S3,pd0002270,프레스샷 마그코어,30mL*10EA,마그네슘 경구제품,C,대체 후보,1,권장 주 진열에 지정된 모듈,대체 후보 채택 · 1F 시작
G6-D-2/S2,G6-D-2,S2,pd0001986,프렌즈아이드롭점안액(아이스),14ml,점안·세안 의약품,C,대체 후보,1,권장 주 진열에 지정된 모듈,대체 후보 채택 · 1F 시작
G6-D-2/S2,G6-D-2,S2,pd0001972,프렌즈아이드롭점안액(쿨),14mL,점안·세안 의약품,C,대체 후보,1,권장 주 진열에 지정된 모듈,대체 후보 채택 · 1F 시작
G6-D-2/S2,G6-D-2,S2,pd0001980,프렌즈아이드롭점안액(쿨하이),14mL,점안·세안 의약품,C,대체 후보,1,권장 주 진열에 지정된 모듈,대체 후보 채택 · 1F 시작
G4-D-2/S2,G4-D-2,S2,pd0002375,프로캄진프로바이오틱플러스30,30캡슐,유산균,C,대체 후보,1,권장 주 진열에 지정된 모듈,대체 후보 채택 · 1F 시작
G4-D-1/S2,G4-D-1,S2,pd0002504,하이퍼셀 리포좀 비타민C,30P,비타민C 경구제품,C,대체 후보,1,권장 주 진열에 지정된 모듈,대체 후보 채택 · 1F 시작
L1/S5,L1,S5,pd0002422,한풍드루산(갈근탕),4g*5포,종합감기 상담약,C,대체 후보,1,권장 주 진열에 지정된 모듈,대체 후보 채택 · 1F 시작
L1/S4,L1,S4,pd0002428,한풍소청룡탕엑스과립,5포,비염·알레르기 상담약,C,대체 후보,1,권장 주 진열에 지정된 모듈,대체 후보 채택 · 1F 시작
L1/S3,L1,S3,pd0002419,한풍은교산엑스과립,2.3g*5포,기침·인후 상담약,C,대체 후보,1,권장 주 진열에 지정된 모듈,대체 후보 채택 · 1F 시작
L1/S5,L1,S5,pd0002427,한풍청폐탕엑스과립,4g*5포,기침·인후 상담약,C,대체 후보,1,권장 주 진열에 지정된 모듈,대체 후보 채택 · 1F 시작
W4/S5,W4,S5,pd0000048,헤파모닝액,75mL,간 관련 상담약,C,대체 후보,1,권장 주 진열에 지정된 모듈,대체 후보 채택 · 1F 시작
L2/S2,L2,S2,pd0002021,활명수유액,5EA,소화·위장 상담약,C,대체 후보,1,권장 주 진열에 지정된 모듈,대체 후보 채택 · 1F 시작
G5-D-3/S3,G5-D-3,S3,pd0001930,후시다인 리쥬 피디알엔크림,30mL,PDRN 스킨케어,C,대체 후보,1,면 단위(G5-D) → 상품군 일치 하위모듈,대체 후보 채택 · 1F 시작
G2-U-1/S2,G2-U-1,S2,pd0001859,후시딘겔,15g,상처 항균 외용제,C,대체 후보,1,권장 주 진열에 지정된 모듈,대체 후보 채택 · 1F 시작
(2차),G4-U-2,,pd0000094,NEW 컨디션 스틱 젤리 제로(망고맛/행오버/숙취개선효과),,숙취 관련 식품,C,,1,상품명 기준 라우팅 · 숙취·일상 영양,대체 후보 채택 · 1F 시작
(2차),G4-U-2,,pd0000093,NEW 컨디션 스틱 젤리 제로(컨디션맛/행오버/숙취개선효과),,숙취 관련 식품,C,,1,상품명 기준 라우팅 · 숙취·일상 영양,대체 후보 채택 · 1F 시작
(2차),G4-U-2,,pd0000226,니아르 가르시니아 샤인머스켓,,체중관리 경구제품,N,,1,상품명 기준 라우팅 · 체중관리 경구,초도 비권장 판정 재확인
(2차),G4-U-2,,pd0000224,니아르 브이케어 리치피치맛,,체중관리 경구제품,N,,1,상품명 기준 라우팅 · 체중관리 경구,초도 비권장 판정 재확인
(2차),G4-U-2,,pd0000223,니아르 브이케어 파인애플맛,,체중관리 경구제품,N,,1,상품명 기준 라우팅 · 체중관리 경구,초도 비권장 판정 재확인
(2차),G4-U-2,,pd0000225,니아르 오일케어,,체중관리 경구제품,N,,1,상품명 기준 라우팅 · 체중관리 경구,초도 비권장 판정 재확인
(2차),G5-U-1,,pd0001219,닥터딥 멀티아토크림,,기초 스킨케어·세부목적 확인,H,,1,상품명 기준 라우팅 · 장벽·건조,분류·표시 확인 후 진열
(2차),G5-U-1,,pd0001218,닥터딥 멀티에멀젼,,기초 스킨케어·세부목적 확인,H,,1,상품명 기준 라우팅 · 장벽·건조,분류·표시 확인 후 진열
(2차),G5-U-3,,pd0001217,닥터딥 스킨토너,,기초 스킨케어·세부목적 확인,H,,1,상품명 기준 라우팅 · 토너·패드,분류·표시 확인 후 진열
(2차),G5-D-3,,pd0001441,닥터리쥬진 하이퍼인퓨전 마그네틱 인퓨저,,미용기기·분류 확인,H,,1,상품명 기준 라우팅 · PDRN·부스터 제형 비교,분류·표시 확인 후 진열
(2차),G5-D-3,,pd0001435,닥터리쥬진 하이퍼인퓨전 쓰리에스 세럼,,기초 스킨케어·세부목적 확인,H,,1,상품명 기준 라우팅 · PDRN·부스터 제형 비교,분류·표시 확인 후 진열
(2차),G5-D-3,,pd0001437,닥터리쥬진 하이퍼인퓨전 이십점이케이 리페어 크림,,기초 스킨케어·세부목적 확인,H,,1,상품명 기준 라우팅 · PDRN·부스터 제형 비교,분류·표시 확인 후 진열
(2차),G5-D-3,,pd0001436,닥터리쥬진 하이퍼인퓨전 포디 앰플,,기초 스킨케어·세부목적 확인,H,,1,상품명 기준 라우팅 · PDRN·부스터 제형 비교,분류·표시 확인 후 진열
(2차),W4,,pd0002069,도담도담트리플비타액,,기타 영양·건강식품,C,,1,상품명 기준 라우팅 · 경구 영양,대체 후보 채택 · 1F 시작
(2차),L2,,pd0002456,레스큐라이트액,,기타 상담약·약효 확인,H,,1,상품명 기준 라우팅 · 경구 상담약,분류·표시 확인 후 진열
(2차),G5-D-2,,pd0000964,로리코 레티 0.5 딥 인 세럼 10ml,,기초 스킨케어·세부목적 확인,H,,1,상품명 기준 라우팅 · 주름·탄력,분류·표시 확인 후 진열
(2차),G5-D-2,,pd0000963,로리코 레티 0.5 딥 인 세럼 30ml,,기초 스킨케어·세부목적 확인,H,,1,상품명 기준 라우팅 · 주름·탄력,분류·표시 확인 후 진열
(2차),G5-D-3,,pd0002528,르디퍼 알엑스 부스터 시너지 크림,,기초 스킨케어·세부목적 확인,H,,1,상품명 기준 라우팅 · PDRN·부스터 제형 비교,분류·표시 확인 후 진열
(2차),G6-D-3,,pd0000460,링탭 PMS 패치,,기능 표방 패치·분류 확인,H,,1,상품명 기준 라우팅 · 기능 표방 패치,분류·표시 확인 후 진열
(2차),G5-D-2,,pd0002359,메디인랩 A3앰플,,기초 스킨케어·세부목적 확인,H,,1,상품명 기준 라우팅 · 주름·탄력,분류·표시 확인 후 진열
(2차),G5-D-2,,pd0002360,메디인랩A5메디크림,,기초 스킨케어·세부목적 확인,H,,1,상품명 기준 라우팅 · 주름·탄력,분류·표시 확인 후 진열
(2차),G5-D-2,,pd0001161,메디큐브 딥 비타 씨 캡슐 크림 55g,,기초 스킨케어·세부목적 확인,H,,1,상품명 기준 라우팅 · 주름·탄력,분류·표시 확인 후 진열
(2차),G5-D-2,,pd0002304,믹순 두유 세럼,,기초 스킨케어·세부목적 확인,H,,1,상품명 기준 라우팅 · 주름·탄력,분류·표시 확인 후 진열
(2차),G5-D-2,,pd0002301,믹순 콩 밸런싱 앰플 미스트,,기초 스킨케어·세부목적 확인,H,,1,상품명 기준 라우팅 · 주름·탄력,분류·표시 확인 후 진열
(2차),G5-D-2,,pd0002294,믹순 콩 크림,,기초 스킨케어·세부목적 확인,H,,1,상품명 기준 라우팅 · 주름·탄력,분류·표시 확인 후 진열
(2차),G5-D-2,,pd0002314,믹순 콩 크림 스틱파우치,,기초 스킨케어·세부목적 확인,H,,1,상품명 기준 라우팅 · 주름·탄력,분류·표시 확인 후 진열
(2차),G5-U-3,,pd0002299,믹순 콩 토너,,기초 스킨케어·세부목적 확인,H,,1,상품명 기준 라우팅 · 토너·패드,분류·표시 확인 후 진열
(2차),L2,,pd0001931,브로립신정,,기타 상담약·약효 확인,H,,1,상품명 기준 라우팅 · 경구 상담약,분류·표시 확인 후 진열
(2차),L2,,pd0000067,세노비아에프정,,기타 상담약·약효 확인,H,,1,상품명 기준 라우팅 · 경구 상담약,분류·표시 확인 후 진열
(2차),L1,,pd0002072,스노킬스프레이액(잔탄검),,기타 상담약·약효 확인,H,,1,상품명 기준 라우팅 · 목·기침,분류·표시 확인 후 진열
(2차),G5-D-3,,pd0002379,스킨부스터 바이 르디퍼 RX,,기초 스킨케어·세부목적 확인,H,,1,상품명 기준 라우팅 · PDRN·부스터 제형 비교,분류·표시 확인 후 진열
(2차),G5-D-3,,pd0002383,스킨톡스 바이 르디퍼 알엑스,,기초 스킨케어·세부목적 확인,H,,1,상품명 기준 라우팅 · PDRN·부스터 제형 비교,분류·표시 확인 후 진열
(2차),G5-D-3,,pd0001100,시오레 마시는 PDRN200 어드밴스드,,PDRN 함유 경구제품·분류 확인,H,,1,상품명 기준 라우팅 · PDRN·부스터 제형 비교,분류·표시 확인 후 진열
(2차),G4-U-2,,pd0000220,알디콤A 숙취해소제 12포,,숙취 관련 식품,C,,1,상품명 기준 라우팅 · 숙취·일상 영양,대체 후보 채택 · 1F 시작
(2차),G4-U-2,,pd0000222,알디콤Plus 숙취해소제 12포,,숙취 관련 식품,C,,1,상품명 기준 라우팅 · 숙취·일상 영양,대체 후보 채택 · 1F 시작
(2차),G4-U-2,,pd0000221,알디콤V 숙취해소제 12포,,숙취 관련 식품,C,,1,상품명 기준 라우팅 · 숙취·일상 영양,대체 후보 채택 · 1F 시작
(2차),L2,,pd0000069,알미틴플러스정,,기타 상담약·약효 확인,H,,1,상품명 기준 라우팅 · 경구 상담약,분류·표시 확인 후 진열
(2차),G4-U-2,,pd0000095,알유21(RU21) 숙취해소엔 웨이크업 스틱 (젤리타입/꿀배맛),,숙취 관련 식품,C,,1,상품명 기준 라우팅 · 숙취·일상 영양,대체 후보 채택 · 1F 시작
(2차),G4-U-2,,pd0000086,알유21(RU21) 숙취해소엔 웨이크업 스틱 (젤리타입/사과맛),,숙취 관련 식품,C,,1,상품명 기준 라우팅 · 숙취·일상 영양,대체 후보 채택 · 1F 시작
(2차),W4,,pd0002004,액티핏,,기타 영양·건강식품,C,,1,상품명 기준 라우팅 · 경구 영양,대체 후보 채택 · 1F 시작
(2차),G5-U-1,,pd0001588,에스네이처 블랑쉬 로션 200ml,,기초 스킨케어·세부목적 확인,H,,1,상품명 기준 라우팅 · 장벽·건조,분류·표시 확인 후 진열
(2차),L2,,pd0000062,인콤정,,기타 상담약·약효 확인,H,,1,상품명 기준 라우팅 · 경구 상담약,분류·표시 확인 후 진열
(2차),W4,,pd0002054,정원삼 6년근 고려홍정365 젤리스틱,,기타 영양·건강식품,C,,1,상품명 기준 라우팅 · 경구 영양,대체 후보 채택 · 1F 시작
(2차),G4-U-2,,pd0000118,컨디션 스틱 젤리(그린애플맛/행오버/숙취개선효과),,숙취 관련 식품,C,,1,상품명 기준 라우팅 · 숙취·일상 영양,대체 후보 채택 · 1F 시작
(2차),G4-U-2,,pd0000088,컨디션 스틱 젤리(민트초코맛/행오버/숙취개선효과),,숙취 관련 식품,C,,1,상품명 기준 라우팅 · 숙취·일상 영양,대체 후보 채택 · 1F 시작
(2차),G4-U-2,,pd0000119,컨디션 스틱 젤리(자두맛/행오버/숙취개선효과),,숙취 관련 식품,C,,1,상품명 기준 라우팅 · 숙취·일상 영양,대체 후보 채택 · 1F 시작
(2차),G4-U-2,,pd0000087,컨디션 스틱 젤리(초코맛/행오버/숙취개선효과),,숙취 관련 식품,C,,1,상품명 기준 라우팅 · 숙취·일상 영양,대체 후보 채택 · 1F 시작
(2차),L2,,pd0002254,크리맥액,,기타 상담약·약효 확인,H,,1,상품명 기준 라우팅 · 경구 상담약,분류·표시 확인 후 진열
(2차),G5-U-1,,pd0001707,토니모리 블랙티인텐스리페어로션,,기초 스킨케어·세부목적 확인,H,,1,상품명 기준 라우팅 · 장벽·건조,분류·표시 확인 후 진열
(2차),G5-D-2,,pd0001708,토니모리 블랙티인텐스리페어세럼,,기초 스킨케어·세부목적 확인,H,,1,상품명 기준 라우팅 · 주름·탄력,분류·표시 확인 후 진열
(2차),G5-U-3,,pd0001709,토니모리 블랙티인텐스리페어토너,,기초 스킨케어·세부목적 확인,H,,1,상품명 기준 라우팅 · 토너·패드,분류·표시 확인 후 진열
(2차),G5-U-3,,pd0001729,토니모리 원더속쌀매끈토너,,기초 스킨케어·세부목적 확인,H,,1,상품명 기준 라우팅 · 토너·패드,분류·표시 확인 후 진열
(2차),G5-D-3,,pd0001732,"톰 PPM 50,000 트리플 시너지 리쥬비네이팅 크림 (50ml)",,기초 스킨케어·세부목적 확인,H,,1,상품명 기준 라우팅 · PDRN·부스터 제형 비교,분류·표시 확인 후 진열
(2차),G4-U-2,,pd0000217,퍼니트 새빨간 콜레우스 포스콜리 다이어트 56정,,체중관리 경구제품,N,,1,상품명 기준 라우팅 · 체중관리 경구,초도 비권장 판정 재확인
(2차),G5-D-2,,pd0001909,프로캄 레드엑스크림,,기초 스킨케어·세부목적 확인,H,,1,상품명 기준 라우팅 · 주름·탄력,분류·표시 확인 후 진열
